{
    "TestDetails":  [
                        {
                            "Duration":  {
                                             "Ticks":  4630021,
                                             "Days":  0,
                                             "Hours":  0,
                                             "Milliseconds":  463,
                                             "Minutes":  0,
                                             "Seconds":  0,
                                             "TotalDays":  5.3588206018518516E-06,
                                             "TotalHours":  0.00012861169444444443,
                                             "TotalMilliseconds":  463.00210000000004,
                                             "TotalMinutes":  0.0077167016666666666,
                                             "TotalSeconds":  0.46300209999999997
                                         },
                            "Status":  "PASSED",
                            "Result":  true,
                            "Name":  "Fix1_EmojiReplacements",
                            "Description":  "Verify ASCII emoji replacements in logging"
                        },
                        {
                            "Duration":  {
                                             "Ticks":  30130377,
                                             "Days":  0,
                                             "Hours":  0,
                                             "Milliseconds":  13,
                                             "Minutes":  0,
                                             "Seconds":  3,
                                             "TotalDays":  3.4873121527777773E-05,
                                             "TotalHours":  0.00083695491666666661,
                                             "TotalMilliseconds":  3013.0377000000003,
                                             "TotalMinutes":  0.050217295,
                                             "TotalSeconds":  3.0130377
                                         },
                            "Status":  "PASSED",
                            "Result":  true,
                            "Name":  "Fix2_DiscoveryResultClass",
                            "Description":  "Verify global DiscoveryResult class registration"
                        },
                        {
                            "Duration":  {
                                             "Ticks":  1150203,
                                             "Days":  0,
                                             "Hours":  0,
                                             "Milliseconds":  115,
                                             "Minutes":  0,
                                             "Seconds":  0,
                                             "TotalDays":  1.3312534722222221E-06,
                                             "TotalHours":  3.1950083333333334E-05,
                                             "TotalMilliseconds":  115.0203,
                                             "TotalMinutes":  0.001917005,
                                             "TotalSeconds":  0.11502029999999999
                                         },
                            "Status":  "FAILED",
                            "Result":  "Enhanced module loading sequence not found in orchestrator",
                            "Name":  "Fix3_ModuleLoadingSequence",
                            "Description":  "Verify dependency-ordered module loading"
                        },
                        {
                            "Duration":  {
                                             "Ticks":  2299802,
                                             "Days":  0,
                                             "Hours":  0,
                                             "Milliseconds":  229,
                                             "Minutes":  0,
                                             "Seconds":  0,
                                             "TotalDays":  2.6618078703703703E-06,
                                             "TotalHours":  6.388338888888889E-05,
                                             "TotalMilliseconds":  229.98020000000002,
                                             "TotalMinutes":  0.0038330033333333333,
                                             "TotalSeconds":  0.2299802
                                         },
                            "Status":  "FAILED",
                            "Result":  "Pre-compiled functions not found in session state",
                            "Name":  "Fix4_RunspaceSessionState",
                            "Description":  "Verify enhanced runspace session state configuration"
                        },
                        {
                            "Duration":  {
                                             "Ticks":  4620086,
                                             "Days":  0,
                                             "Hours":  0,
                                             "Milliseconds":  462,
                                             "Minutes":  0,
                                             "Seconds":  0,
                                             "TotalDays":  5.3473217592592593E-06,
                                             "TotalHours":  0.00012833572222222222,
                                             "TotalMilliseconds":  462.0086,
                                             "TotalMinutes":  0.0077001433333333336,
                                             "TotalSeconds":  0.4620086
                                         },
                            "Status":  "PASSED",
                            "Result":  true,
                            "Name":  "Fix5_EnhancedErrorHandling",
                            "Description":  "Verify fallback error handling in discovery modules"
                        },
                        {
                            "Duration":  {
                                             "Ticks":  1046880,
                                             "Days":  0,
                                             "Hours":  0,
                                             "Milliseconds":  104,
                                             "Minutes":  0,
                                             "Seconds":  0,
                                             "TotalDays":  1.2116666666666666E-06,
                                             "TotalHours":  2.908E-05,
                                             "TotalMilliseconds":  104.688,
                                             "TotalMinutes":  0.0017448000000000001,
                                             "TotalSeconds":  0.10468799999999999
                                         },
                            "Status":  "PASSED",
                            "Result":  true,
                            "Name":  "Fix6_StructuredLogging",
                            "Description":  "Verify structured logging with correlation IDs"
                        },
                        {
                            "Duration":  {
                                             "Ticks":  3109606,
                                             "Days":  0,
                                             "Hours":  0,
                                             "Milliseconds":  310,
                                             "Minutes":  0,
                                             "Seconds":  0,
                                             "TotalDays":  3.5990810185185184E-06,
                                             "TotalHours":  8.6377944444444448E-05,
                                             "TotalMilliseconds":  310.9606,
                                             "TotalMinutes":  0.005182676666666667,
                                             "TotalSeconds":  0.3109606
                                         },