{
    "EndTime":  {
                    "value":  "\/Date(1754079385548)\/",
                    "DisplayHint":  2,
                    "DateTime":  "01 August 2025 21:16:25"
                },
    "StartTime":  {
                      "value":  "\/Date(1754079309536)\/",
                      "DisplayHint":  2,
                      "DateTime":  "01 August 2025 21:15:09"
                  },
    "Operations":  {
                       "SecretCreation":  {
                                              "Duration":  {
                                                               "Ticks":  3402430,
                                                               "Days":  0,
                                                               "Hours":  0,
                                                               "Milliseconds":  340,
                                                               "Minutes":  0,
                                                               "Seconds":  0,
                                                               "TotalDays":  3.9379976851851853E-06,
                                                               "TotalHours":  9.4511944444444434E-05,
                                                               "TotalMilliseconds":  340.243,
                                                               "TotalMinutes":  0.0056707166666666664,
                                                               "TotalSeconds":  0.34024299999999996
                                                           },
                                              "StartTime":  {
                                                                "value":  "\/Date(1754079385030)\/",
                                                                "DisplayHint":  2,
                                                                "DateTime":  "01 August 2025 21:16:25"
                                                            },
                                              "Success":  true
                                          },
                       "ModuleManagement":  {
                                                "Duration":  {
                                                                 "Ticks":  191486385,
                                                                 "Days":  0,
                                                                 "Hours":  0,
                                                                 "Milliseconds":  148,
                                                                 "Minutes":  0,
                                                                 "Seconds":  19,
                                                                 "TotalDays":  0.00022162776041666666,
                                                                 "TotalHours":  0.00531906625,
                                                                 "TotalMilliseconds":  19148.6385,
                                                                 "TotalMinutes":  0.319143975,
                                                                 "TotalSeconds":  19.1486385
                                                             },
                                                "StartTime":  {
                                                                  "value":  "\/Date(1754079310419)\/",
                                                                  "DisplayHint":  2,
                                                                  "DateTime":  "01 August 2025 21:15:10"
                                                              },
                                                "Success":  true
                                            },
                       "CredentialStorage":  {
                                                 "Duration":  {
                                                                  "Ticks":  1579449,
                                                                  "Days":  0,
                                                                  "Hours":  0,
                                                                  "Milliseconds":  157,
                                                                  "Minutes":  0,
                                                                  "Seconds":  0,
                                                                  "TotalDays":  1.8280659722222222E-06,
                                                                  "TotalHours":  4.3873583333333329E-05,
                                                                  "TotalMilliseconds":  157.94490000000002,
                                                                  "TotalMinutes":  0.002632415,
                                                                  "TotalSeconds":  0.1579449
                                                              },
                                                 "StartTime":  {
                                                                   "value":  "\/Date(1754079385379)\/",
                                                                   "DisplayHint":  2,
                                                                   "DateTime":  "01 August 2025 21:16:25"
                                                               },
                                                 "Success":  true
                                             },
                       "Prerequisites":  {
                                             "Duration":  {
                                                              "Ticks":  7453559,
                                                              "Days":  0,
                                                              "Hours":  0,
                                                              "Milliseconds":  745,
                                                              "Minutes":  0,
                                                              "Seconds":  0,
                                                              "TotalDays":  8.626804398148148E-06,
                                                              "TotalHours":  0.00020704330555555554,
                                                              "TotalMilliseconds":  745.3559,
                                                              "TotalMinutes":  0.012422598333333333,
                                                              "TotalSeconds":  0.7453559
                                                          },
                                             "StartTime":  {
                                                               "value":  "\/Date(1754079309659)\/",
                                                               "DisplayHint":  2,
                                                               "DateTime":  "01 August 2025 21:15:09"
                                                           },
                                             "Success":  true
                                         },
                       "GraphConnection":  {
                                               "Duration":  {
                                                                "Ticks":  37873592,
                                                                "Days":  0,
                                                                "Hours":  0,
                                                                "Milliseconds":  787,
                                                                "Minutes":  0,
                                                                "Seconds":  3,
                                                                "TotalDays":  4.3835175925925923E-05,
                                                                "TotalHours":  0.0010520442222222222,
                                                                "TotalMilliseconds":  3787.3592000000003,